{
  "$schema": "http://json-schema.org/draft-07/schema#",
  "$id": "https://kis-core.com/schemas/rules/v1.0.0",
  "title": "KIS Core Rules Schema v1.0.0",
  "description": "Business rules and quality gates validation schema (semver compatible)",
  "version": "1.0.0",
  "snapshot_date": "2024-09-22T15:05:00Z",
  "verification_date": "2024-09-22T15:18:00Z",
  "compatibility": {
    "breaking_changes": "none",
    "deprecated_fields": [],
    "new_fields": [],
    "semver_status": "stable",
    "integrity_verified": true
  },
  "type": "object",
  "properties": {
    "version": {
      "type": "string",
      "pattern": "^\\d+\\.\\d+\\.\\d+$",
      "description": "Schema version following semantic versioning"
    },
    "metadata": {
      "type": "object",
      "properties": {
        "created": {
          "type": "string",
          "format": "date-time"
        },
        "author": {
          "type": "string"
        },
        "description": {
          "type": "string"
        }
      },
      "required": ["created", "author"]
    },
    "qualityGates": {
      "type": "object",
      "properties": {
        "fix4": {
          "type": "object",
          "properties": {
            "enabled": {
              "type": "boolean"
            },
            "thresholds": {
              "type": "object",
              "properties": {
                "critical": {
                  "type": "integer",
                  "minimum": 0,
                  "maximum": 0
                },
                "major": {
                  "type": "integer",
                  "minimum": 0,
                  "maximum": 2
                },
                "minor": {
                  "type": "integer",
                  "minimum": 0,
                  "maximum": 4
                },
                "info": {
                  "type": "integer",
                  "minimum": 0
                }
              },
              "required": ["critical", "major", "minor", "info"]
            }
          },
          "required": ["enabled", "thresholds"]
        },
        "polisher": {
          "type": "object",
          "properties": {
            "enabled": {
              "type": "boolean"
            },
            "minimumScore": {
              "type": "number",
              "minimum": 0,
              "maximum": 100
            },
            "weights": {
              "type": "object",
              "properties": {
                "complexity": {
                  "type": "number",
                  "minimum": 0,
                  "maximum": 1
                },
                "maintainability": {
                  "type": "number",
                  "minimum": 0,
                  "maximum": 1
                },
                "reliability": {
                  "type": "number",
                  "minimum": 0,
                  "maximum": 1
                },
                "security": {
                  "type": "number",
                  "minimum": 0,
                  "maximum": 1
                }
              },
              "required": ["complexity", "maintainability", "reliability", "security"]
            }
          },
          "required": ["enabled", "minimumScore", "weights"]
        }
      },
      "required": ["fix4", "polisher"]
    }
  },
  "required": ["version", "metadata", "qualityGates"],
  "changeLog": [
    {
      "version": "1.0.0",
      "date": "2024-09-22",
      "changes": [
        "Initial stable release",
        "Established baseline schema structure",
        "Added semver compatibility tracking"
      ]
    }
  ]
}