{
  "bundle_info": {
    "name": "KIS_CORE_V3_RELEASE_BUNDLE",
    "version": "3.0.0",
    "created": "2024-09-22T14:30:00Z",
    "type": "complete_spec_kit_implementation",
    "status": "ready_for_staging"
  },
  "contents": {
    "documentation": {
      "count": 9,
      "files": [
        "docs/01_Vision.md",
        "docs/02_Scope.md",
        "docs/03_Roles_RACI.md",
        "docs/04_Architecture.md",
        "docs/05_API_Spec.md",
        "docs/06_UI_Tabs.md",
        "docs/07_Design_Tokens.md",
        "docs/08_Gates_QA.md",
        "docs/09_Runbook.md"
      ]
    },
    "schemas": {
      "count": 2,
      "files": [
        "schema/rules.schema.json",
        "schema/estimates.schema.json"
      ]
    },
    "templates": {
      "count": 3,
      "files": [
        "templates/qc_12line.tmpl",
        "templates/release_notes.tmpl",
        "templates/PoR.tmpl"
      ]
    },
    "scripts": {
      "count": 4,
      "files": [
        "scripts/preflight.ps1",
        "scripts/make_evidence.ps1",
        "scripts/run_qc.ps1",
        "scripts/release_pack.ps1"
      ]
    },
    "test_data": {
      "count": 4,
      "files": [
        "test_data/customers.json",
        "test_data/estimates.json",
        "test_data/products.json",
        "test_data/users_roles.json"
      ]
    },
    "evidence": {
      "count": 4,
      "files": [
        "evidence/manifest.json",
        "evidence/test_results/test_results.json",
        "evidence/qc_12line_summary.md",
        "evidence/detailed_qc_report.json"
      ]
    }
  },
  "quality_status": {
    "overall_score": "4/5",
    "fix4_gates": "3/4 passed",
    "polisher_score": "96.3%",
    "wcag_compliance": "98.3%",
    "test_coverage": "94.5%",
    "performance": "p95=1850ms",
    "deployment_ready": false,
    "requires_fixes": [
      "2 integration test failures",
      "2 WCAG violations",
      "1 code complexity issue"
    ]
  },
  "next_steps": [
    "Fix failing integration tests",
    "Address accessibility violations",
    "Resolve code complexity issues",
    "Rerun QC validation",
    "Deploy to staging environment",
    "Final production deployment"
  ],
  "total_artifacts": 26,
  "bundle_size_estimate": "~50MB",
  "completion_status": "100%"
}